<rss version="2.0" xmlns:dc="http://purl.org/dc/elements/1.1/" xmlns:georss="http://www.georss.org/georss" >
<channel>
<title><![CDATA[FreeDoc :: paper group | grupo de redacción]]></title>
<link>https://irka.io/blog/group/1933/all</link>
<description><![CDATA[]]></description><item>
	<guid isPermaLink="true">https://irka.io/blog/view/3652/0121-la-matriz-del-ser-humano</guid>
	<pubDate>Fri, 30 Dec 2016 16:43:56 +0100</pubDate>
	<link>https://irka.io/blog/view/3652/0121-la-matriz-del-ser-humano</link>
	<title><![CDATA[01/21 La matriz del ser humano]]></title>
	<description><![CDATA[<p style="text-align: justify;">Esto, que empieza hoy, es, ser&aacute;, diario de opini&oacute;n <a href="https://es.wikipedia.org/wiki/Colegio_de_Pataf%C3%ADsica">pataf&iacute;sica</a>, <a href="http://www.uv.es/fernandoarrabal/presentacion.html">p&aacute;nica</a>, <a href="http://aleph1888.github.io/ataraxia_archive/ku_002.pdf">kuk&iacute;sta</a> y panec&aacute;stica. N&oacute;tese que el escritor adjetiva el <em>tipo de opini&oacute;n</em> que usar&aacute; antes que sustanciar y nominar <em>sobre lo que opinar&aacute;</em>. La luz de la conciencia, nos ha resultado en la posmodernidad, condiciona lo observado.</p><p style="text-align: justify;">Se sigue de lo anterior una premisa: m&aacute;s le vale a la persona lectora buscar la verdad en la forma de opini&oacute;n que el escritor emplea para componer el relato antes que en el contenido de este.</p><p style="text-align: justify;">Tanto el lector como la lectriz podr&iacute;a tomar semejante aseveraci&oacute;n por superficial, privilegiando la forma sobre el contenido; y, sin embargo, por, dir&iacute;amos "gravitaci&oacute;n cu&aacute;ntica" <em>[<sub>que (v&iacute;a gravit&oacute;n --todav&iacute;a no demostrado; cient&iacute;ficamente, por tanto, 'inexistente', aunque muy, muy, extremadamente: 'probable'--) bien pudiera ser:&nbsp; "cu&aacute;ntica gravitaci&oacute;n"]</sub></em>, donde la 'forma' la representa el espacio-tiempo y el 'contenido' est&aacute; ocupado <em><sub>[o, en rigor, tambi&eacute;n, no-ocupado: los fermiones son campos cu&aacute;nticos de 'algo', mientras que los bosones son campos cu&aacute;nticos de 'nada'; existen tanto campos de bosones como de fermiones...]</sub></em>&nbsp; por&nbsp; los campos cu&aacute;nticos, es en el continuo espacio-tiempo que, durante la Modernidad, hemos situado el foco de lo antr&oacute;pico, principio de humanidad.</p><p style="text-align: justify;">Ese anclaje o punto de conexi&oacute;n entre la comprensi&oacute;n <em>sapiens</em> y la totalidad de lo real, en la posmodernidad, se est&aacute; corriendo: a medida que la vanguardia cient&iacute;fica nombra y clasifica los fermiones y bosones descubiertos y verificados. Pronto, se cree, el contenido inclinar&aacute; <em>la balanza de la objetividad y lo cabal</em> de su lado.</p><p style="text-align: justify;">El milenio que vivimos ser&aacute; religioso o no ser&aacute;<sup>1</sup>. &iquest;<strong>Es la tecnolog&iacute;a una nueva religi&oacute;n</strong> que <a href="http://www.hispanoteca.eu/Foro-preguntas/ARCHIVO-Foro/Religi%C3%B3n-religare-relegere.htm">religa</a> y arma comunidad y epicentra y sirve de reino y sost&eacute;n para las comunidades; o, donde puse 'comunidades', en plural, acaso deba escribir, posmodernamente, comunidad: para la &uacute;ltima de las comunidades que de m&uacute;ltiples nombres <sub>--Utop&iacute;a en Moro, <em>De civitate Dei contra paganos</em> en Agust&iacute;n; como dos opuestos, de raz&oacute;n instrumental el primero y de raz&oacute;n dogm&aacute;tica el segundo--&nbsp;</sub> tambi&eacute;n se llama Aldea Global y se trata de la comunidad que est&aacute; formada por todas las comunidades y pueblos del mundos?</p><p>Y, ahora, persona lectora, tanto t&uacute; lector como <em>tu</em> lectriz, tendr&iacute;as la bondad de opinar para m&iacute;: &iquest;acaso las civilizaciones y culturas del planeta Tierra que en una d&eacute;cada x 10<sup>3 </sup>han sido representadas no son o se podr&iacute;an asemejar, a modo de analog&iacute;a, que haga la homeomorf&iacute;a entre <em>territorios de los muchos</em> y el <em>territorio del uno</em>, a simples humores o estados de la conciencia, como las personas, tanto vosotras lectoras como yo, tenemos a lo largo de nuestra vida; es decir: no son las grandes cosmogon&iacute;as etnicas que se cantan o han cantado desde el &aacute;rbol de las lenguas del mundo<sup>a, </sup>esas redes de comunicaciones, qu&eacute; opinas, son extrapolables a meros y simples ideolog&iacute;as (de esas de Occidente) menos apegadas a los lexemas que a los morfemas?</p><p style="text-align: justify;">Se me ocurre recordar a todos los 'no-contactados' del planeta Tierra: tras el genocidio de la colonizaci&oacute;n son h&eacute;roes --del tipo de h&eacute;roe que relata el mito: triple dimensi&oacute;n<sup>2</sup>--; hagamos una pausa musical...&nbsp; <span id="eow-title" dir="ltr" title="Nach - Disparos De Silencio ft. W&ouml;yza">Nach - Disparos De Silencio ft. W&ouml;yza... </span></p><p style="text-align: justify;">&nbsp;</p><p style="text-align: justify;">https://www.youtube.com/watch?v=MFgSUO5sDzM</p><p style="text-align: justify;">&nbsp;</p><p style="text-align: justify;">... adem&aacute;s, claro, por dimensi&oacute;n humanista (y, quiz&aacute;s, con dudas, ilustrada; revoluci&oacute;n y sue&ntilde;o de ilustraci&oacute;n para las masas) en mi opini&oacute;n: admirar la red de comunicaciones actual sobre ArpaNet (Jes&uacute;s trajo la guerra...), en Internet a modo de Red Cr&iacute;stica, ya visibles para los humanos la web y para las m&aacute;quinas la IoT, como revelaci&oacute;n de un Reino que el Nazareno, quiz&aacute;s cristo esenio: a todas luces con origen en oriente: entrando a trav&eacute;s de Pit&aacute;goras y los presocr&aacute;ticos en la matem&aacute;tica y en las humanidades de Occidente. Cuanto Plat&oacute;n y Arist&oacute;teles toman del asesinato, legal y orquestado (igual que a Jes&uacute;s: primeros m&aacute;rtires de una serie que se extiende hasta el Che Guevara y hasta Gandhi: por citar dos arquetipos con bastante presencia en la serigraf&iacute;a de las camisetas...), llamamos gnosis. Los nuevos dioses que S&oacute;crates tra&iacute;a a la ciudad (&eacute;l contest&oacute; al juez, una vez dictado su veredicto de culpabilidad, tanteando la cuant&iacute;a de la pena, que consideraba que su castigo deb&iacute;a ser que el Estado lo mantuviera de modo que pudiera trabajar para &eacute;l en la maye&uacute;tica de las masas) asemejan el Reino de Dios que Cristo trajo en la-el ocaso de una moderna Mesopotamia: pura luz, ex oriente lux, pura magia: esencia gn&oacute;stica sin Logos o raz&oacute;n alguna: plenamente, por eso, sapiens.</p><p style="text-align: justify;">Sin duda, en mi opini&oacute;n, ayuda asir la met&aacute;fora de Jung y el Caldero en el IChing templando la relaci&oacute;n entre el vac&iacute;o del caldero y los campos de bosones.</p><p style="text-align: justify;">Explicar con los bosones las dimensiones de unos agujeros negros que hacen de cascada al modelo moderno de comprensi&oacute;n de la realidad<sup>3</sup>. Acumular m&aacute;s energ&iacute;a de la que cabe en un punto del espacio, han observado la vanguardia cu&aacute;ntica, hacen una generaci&oacute;n de realidad tal que sus bordes pueden llamarse 'horizonte de sucesos' y pueden, seg&uacute;n f&oacute;rmula matem&aacute;tica, calcularse. Podemos, desde nuestra realidad observar los bordes de esa realidad creada a partir de la compresi&oacute;n de energ&iacute;a en un punto, pero, claramente, como tareas para los j&oacute;venes que nos preceden: h&eacute;roes que navegan el Hades, o que bajan a &eacute;l, como Orfeo, a pedir favores, o que se atreven a nombrar al hiperv&iacute;nculo como adn para el html, lenguaje de la web, y crear el primer servidor web y colgar la primera p&aacute;gina web que tiene el primer texto web<sup>z</sup>.</p><p style="text-align: justify;">As&iacute;ntota para el cauce de un colonialismo galopante: apertura de la vertical y p&eacute;rdida de la horizontal. Lo que parec&iacute;a imposible, es decir, el fin de los tiempos, acontece: cambio de plano e inicio de una nueva cuenta: pero, ya, posmodernamente, en otra direcci&oacute;n del espacio. El punto de partida, que ser&aacute; un 0 o ser&aacute; un hecho: como que Timoty B. Lee nombrara al enlace o Higgins al bos&oacute;n, pero que en cualquier caso, en su expansi&oacute;n y multiplicaci&oacute;n har&aacute;, desde ese estallido inicial o big bang, crear&aacute; una red multicrom&aacute;tica que ser&aacute; mundo.</p><p style="text-align: justify;">Lo anterior se explica bien con un ejemplo: ven&iacute;a cronol&oacute;gico, sucedi&eacute;ndose sucesivamente,.. Los de la psicolog&iacute;a integral, con Wilber a la cabeza, han buscado construir una mol&eacute;cula (la espiral de la evoluci&oacute;n de la conciencia humana) que permite con nueve fulcros orquestar un sistema que explique y, a la vez, moebius, se viva en el relato. Es decir, en Oriente, en su cl&aacute;sica no existe el n&uacute;mero cero. El salto atr&aacute;s que da la luz que llega de Oriente a Occidente compone una raz&oacute;n instrumental capaz de abstraer el n&uacute;mero cero.</p><p style="text-align: justify;">&iquest;Cu&aacute;ntos a&ntilde;os tienes? Te preguntan... el c&aacute;lculo en occidente y en oriente dista en una unidad.</p><p style="text-align: justify;">La <strong>mol&eacute;cula</strong> del <em>homo universalis</em> est&aacute; compuesta por <strong>nueve fulcros</strong>, y, con ella, los humanos que la usan en sus metabolismos intelectuales conciben formas de opini&oacute;n distintas. Los amino&aacute;cidos, en el ejemplo, ser&iacute;an los valores dominantes, los paquetes de reglas en un dogma, etc.</p><p style="text-align: justify;">La separaci&oacute;n sem&aacute;ntica en monemas, doble de lexemas (unidades con significado) y morfemas (soporte log&iacute;stico) no puede distar mucho y se equipara f&aacute;cil tanto con el fot&oacute;n (... me salta ahora en el playlist Nach con su tema Efectos Vocales, lectriz...) rompi&eacute;ndose en electrones-positrones que junto con los neutrinos trazan textura y gama soporte biosf&eacute;rico y tel&uacute;rico: mar de campos cu&aacute;nticos que vibran y se sostiene titilando entre sus m&aacute;ximos y sus m&iacute;nimos.</p><p style="text-align: justify;">La idea de que lo que es dos puede convertirse en uno y lo que es uno en dos (habida cuenta de ciertas leyes f&iacute;sicas del sentido en una direcci&oacute;n determinada para la mesura de algunas de las unidades fundamentales; verbigracia: la segunda de la termondin&aacute;mica: el calor se va, el fr&iacute;o se queda: &iquest;es la noche la sombra de la Tierra<sup>y</sup>?</p><p style="text-align: justify;">[en el tr&aacute;nsito entre estos m&aacute;ximos y m&iacute;nimos, como ida y regreso &iexcl;&iexcl;god, human catch you: dead!! el bos&oacute;n de Higgings describe un espacio y contenido de sustancia: nosotros, lectoras]. Esa sustancia espandida en los ecosistemas de los colores que simbolizan cada estadio, se mezclan de complementarios y mixxes en las corrientes de gnosis que recorren ese eje cronol&oacute;gico al sesgo del espacio-tiempo continuo. Entre los colores p&uacute;rpura y turquesa<sup>4</sup> fulcro de color p&uacute;rpura y el infinito hay una distancia similar al antiguo finisterre del Hades o, ahora, los l&iacute;mites inferiores y m&aacute;s peque&ntilde;os que los que las fundamentales de Planck<sup>5</sup> ahora divisan para nosotros. &iquest;No te parece, lector, lectriz, que la vanguardia cu&aacute;ntica hoy d&iacute;a no explica otra cosa m&aacute;s que algo que de Oriente lleg&oacute; y nada aporta sobre la arquitectura de la realidad m&aacute;s all&aacute; que la sem&aacute;ntica del lenguaje o la verdad de la matem&aacute;tica ya hace milenios ya aportara antes? Es mi opini&oacute;n que la Teor&iacute;a de Cuerdas como herramienta modeladora de <strong>floves</strong> es una pasada y que la comprensi&oacute;n reticular de la realidad es algo que el cogito siempre pugnando por sostenerse nodo pierde de vista y contexto con facilidad, sobrebordado, el cogito, en lo extenso de la red, a modo de problema de tipo P = NP.</p><p style="text-align: justify;">El cogito no dispone de tiempo cronol&oacute;gico para resolver ciertas complejidades que los polinomios con que puede describirse la red (en realidad: matrices) en que se encuentra inscrito est&aacute;n cursando y sosteniendo en el mismo momento en que el cogito est&aacute; calculando esas complejidades. De Oriente viene la luz, y, esto ser&iacute;a as&iacute; en un corto punto de vista. Occidente es un eco de Oriente.</p><p style="text-align: justify;">Esto, lectriz y lector, opinamos, solamente se salvar&iacute;a en la hip&oacute;tesis que de occidente hubiera migrado una &iacute;bera luz primera hacia Oriente. Entonces Occidente no ser&iacute;a hoy d&iacute;a el eco de un sol Oriental sino el eco de un eco que se inicio en su ombligo. Cuesta de presentar esta idea, pero se entiende bien cuando quien la vitorea no es un divulgador del tres al cuarto sino alguna de las c&aacute;tedras que atesoramos en nuestra generaci&oacute;n<sup>6</sup>.</p><p style="text-align: justify;">Con motivo del aviso de cierre de la red irka.io (que es una clearnet sobre <a href="https://irka.io/search?q=hydra&amp;search_type=all">Hydra</a>-<a href="https://irka.io/pages/view/1276/zeronet-as-cms#favourites-1323">Zero</a>-<a href="https://irka.io/pages/view/1276/zeronet-as-cms#favourites-1323">Lorea</a>; es decir, irka.io es un <em>lightclient</em> que se conecta a la red Hydra), a veinti&uacute;n d&iacute;as vista <sub>(se est&aacute; intentando solventar en el grupo <a href="https://irka.io/groups/profile/1407/sostenibilidad">https://irka.io/groups/sostenibilidad</a> -- profile 1407)</sub>, una opini&oacute;n por d&iacute;a; sobre el "<em>closure</em>" de Irka, y, claro, tambi&eacute;n, sobre la totalidad de lo real, filos&oacute;ficamente hablando.</p><p style="text-align: justify;">&nbsp;</p><p style="text-align: justify;"><img src="https://irka.io/photos/thumbnail/3654/master/" alt="image" width="100%" height="100%"></p><p style="text-align: justify;">&nbsp;</p><p style="text-align: justify;"><strong>Notas</strong>:</p><p style="text-align: justify;"><sup>1&nbsp; </sup>ANDRE MALRAUX <em>Uno</em> de los ma&iuml;tre &aacute; penser de mi generaci&oacute;n fue un hombre ... y ante la proximidad del <em>tercer milenio</em> que va a iniciarse, este homenaje al hombre que advirti&oacute;: &ldquo;El pr&oacute;ximo siglo <em>ser&aacute; religioso o no ser&aacute;</em>&rdquo; constituye un signo&nbsp;..</p><p style="text-align: justify;"><sup>2</sup>&nbsp; https://es.wikipedia.org/wiki/Mito#Lectura:_literal.2C_aleg.C3.B3rica.2C_simb.C3.B3lica</p><p style="text-align: justify;"><sup>3&nbsp;</sup> https://irka.io/search?q=flove&amp;search_type=all</p><p style="text-align: justify;"><sup>4&nbsp; </sup><a href="https://duckduckgo.com/?q=espiral+de+la+evoluci%C3%83%C2%B3n+de+la+conciencia+humana">https://duckduckgo.com/?q=espiral+de+la+evoluci&oacute;n+de+la+conciencia+humana</a></p><p style="text-align: justify;"><sup>5&nbsp; </sup><a href="https://es.wikipedia.org/wiki/Constante_de_Planck#Definici.C3.B3n_de_cuerpo_negro">https://es.wikipedia.org/wiki/Constante_de_Planck#Definici.C3.B3n_de_cuerpo_negro</a></p><p style="text-align: justify;"><sup>6</sup>&nbsp; <a href="https://riberomeneses.wordpress.com/2000/06/11/el-%e2%80%98angelito%e2%80%99-de-sanchez-drago/">https://riberomeneses.wordpress.com/2000/06/11/el-%e2%80%98angelito%e2%80%99-de-sanchez-drago/</a></p><p style="text-align: justify;"><sup>a <a href="https://duckduckgo.com/?q=arbol+lenguaje">https://duckduckgo.com/?q=arbol+lenguaje</a></sup></p><p style="text-align: justify;"><sup>z&nbsp; Code: <a href="https://notabug.org/aleph/LaKurrealidad">https://notabug.org/aleph/LaKurrealidad</a> Demo: <a href="http://ismy.band/lakurrealidad/#/bored">http://ismy.band/lakurrealidad/#/bored</a>&nbsp; [until 22/01/2017]</sup></p><p style="text-align: justify;"><sup>y Entrevista a Mart&iacute;n Santom&eacute;, por la editorial e-Artesan&iacute;a:</sup></p><p style="text-align: justify;"><sup>&nbsp;&lt;div class="tumblr-post" data-href="https://embed.tumblr.com/embed/post/3_ZszISNqvU0lJXGe9HVLQ/154570555915" data-did="1fbbc4adc2c0d5e0907f7856fbef3eacd8e10f5f"&gt;&lt;a href="http://nadievstodos.tumblr.com/post/154570555915/estas-tambi&eacute;n-son-las-ideas-de-santom&eacute;"&gt;http://nadievstodos.tumblr.com/post/154570555915/estas-tambi&eacute;n-son-las-ideas-de-santom&eacute;&lt;/a&gt;&lt;/div&gt;&nbsp; &lt;script async src="https://assets.tumblr.com/post.js"&gt;&lt;/script&gt;</sup></p>]]></description>
	<dc:creator>aleph</dc:creator>
</item>
<item>
	<guid isPermaLink="true">https://irka.io/blog/view/3488/5564-treinta-y-ocho-anos</guid>
	<pubDate>Tue, 06 Dec 2016 13:21:06 +0100</pubDate>
	<link>https://irka.io/blog/view/3488/5564-treinta-y-ocho-anos</link>
	<title><![CDATA[55/64 Treinta y ocho años]]></title>
	<description><![CDATA[<p></p><p style="margin-bottom: 0.5cm; text-align: CENTER;"><span style="font-family: Courier New,monospace;"><span style="font-size: xx-small;">http://nadievstodos.tumblr.com/post/154116364610/5564-treinta-y-ocho-a%C3%B1os</span></span></p><div id="navigation" dir="LTR"><p style="margin-bottom: 0cm; text-align: CENTER;"><span style="font-size: xx-small;"><a href="http://nadievstodos.tumblr.com/archive">Archives</a> | <a href="http://nadievstodos.tumblr.com/submit">Colabora</a> | <a href="http://nadievstodos.tumblr.com/ask">Acola lo que quieras...</a> | <a href="http://nadievstodos.tumblr.com/soft">Soft</a> | <a href="http://nadievstodos.tumblr.com/noos">Noos</a> | <a href="http://nadievstodos.tumblr.com/Para%20empezar">Para empezar</a> | <a href="http://nadievstodos.tumblr.com/post/154116364610/5564-treinta-y-ocho-a&ntilde;os">Diciembre 6th, 2016</a> </span></p></div><div id="content" dir="LTR"><div id="col1" dir="LTR"><p style="margin-bottom: 0cm; text-align: JUSTIFY;">&nbsp;</p><p style="margin-bottom: 0cm; text-align: CENTER;">&nbsp;</p><p style="margin-bottom: 0.5cm; text-align: CENTER;"><a href="http://nadievstodos.tumblr.com/">nadievstodos </a> <a href="http://nadievstodos.tumblr.com/"><span style="color: #000080;"><img src="https://irka.io/mod/image_proxy/image.php?url=http%3A%2F%2F68.media.tumblr.com%2Favatar_d8cc44d266ed_16.png&token=72f5cf61afeada26b7619c840ee4947008e9ad69" width="16" height="16" alt="image" style="text-align: bottom; border: 1px;"></span></a></p><h3 style="text-align: CENTER;">55/64 Treinta y ocho a&ntilde;os</h3></div></div><p style="margin-bottom: 0.5cm; text-align: JUSTIFY;"><br /><br /></p><p style="text-align: JUSTIFY;"><span style="font-family: Courier New,monospace;">Hoy, <strong>seis de diciembre de 2016</strong>, la Constituci&oacute;n espa&ntilde;ola del r&eacute;gimen del 78 cumple eso, <strong>38 a&ntilde;os</strong>.</span></p><p style="text-align: JUSTIFY;"><span style="font-family: Courier New,monospace;">Una vez que el proyecto se ha puesto en marcha, lo siguiente es llevarlo a su final. A partir de hoy emular&eacute; el formato y la periodicidad que en Dragolandia, en su columna, mi no-maestro viene trayendo; para ser precisos, tomo el quite a partir de su texto de hace dos d&iacute;as, intitula, <em>Rien ne va plus</em>! y, en su cuerpo escribe:</span></p><blockquote style="text-align: justify;"><div><span style="font-family: Courier New,monospace;"><em>Menos lobos, caballeros&hellip; Crucial ser&aacute;, en efecto, si en Italia ganan los del no y en Austria pierde el l&iacute;der dalt&oacute;nico del partido verde, porque si &eacute;ste gana y pierden aqu&eacute;llos, la mencionada Desuni&oacute;n, sencillamente, no tendr&aacute; m&aacute;s futuro que el que ahora tiene&hellip; O sea: seguir dando manotazos en el vac&iacute;o de la nada hasta que la nada lo siga siendo por los siglos de los siglos y la batalla de Armaged&oacute;n ponga a cada uno en su sitio.</em></span></div></blockquote><p style="text-align: JUSTIFY;"><span style="font-family: Courier New,monospace;">A&uacute;llo de gusto porque, ya sabemos hoy, <strong>en Italia han ganado los del s&iacute; y en Austria no ha perdido el l&iacute;der dalt&oacute;nico del partido verde</strong>.</span></p><p style="text-align: JUSTIFY;"><span style="font-family: Courier New,monospace;">Nadie mejor que t&uacute;, lector que vienes leyendo desde el principio (recuerda:&nbsp;<a href="http://nadievstodos.tumblr.com/Para%20empezar">http://nadievstodos.tumblr.com/Para%20empezar</a>) en que quiz&aacute;s, y solamente quiz&aacute;s, a ra&iacute;z del Proyecto Mayhem y la escuela de Galatorg &ndash;esto te contaba en la primera entrega de esta novela de no ficci&oacute;n que ya toca sus &uacute;ltimas p&aacute;ginas (menos de 55)&ndash;, quiz&aacute;s, y solamente quiz&aacute;s, Snowden escogiera el d&iacute;a de sus filtraciones (finales de diciembre de 2012) para participar del </span><span style="font-family: Courier New,monospace;"><em>#Tyler_usb_leak_bomb</em></span><span style="font-family: Courier New,monospace;">. Imag&iacute;nate si el proyecto hubiera alcanzado masa cr&iacute;tica. Con semejante acci&oacute;n del militar estadounidense hubiera efundido en la Opini&oacute;n P&uacute;blica como una bomba seta. Esto que ahora resumo en una frase fue un gran evento y una gran secuencia para pel&iacute;cula de cine negro, clase B. (Para ampliar, &iexcl;no veas la pel&iacute;cula!: <a href="https://es.wikipedia.org/wiki/Citizenfour">wiki/Citizenfour</a>)</span></p><p style="text-align: JUSTIFY;"><span style="font-family: Courier New,monospace;">Durante a&ntilde;os la vida de muchas personas ha girado entorno a esos eventos. En Rusia, Snowden y Assange siguen donde Enric Dur&aacute;n: fuera. </span></p><p style="text-align: JUSTIFY;"><span style="font-family: Courier New,monospace;">Quiz&aacute;s, y solo quiz&aacute;s sus sacrificios personales valgan la pena: por supuesto, la opini&oacute;n popular de la Aldea Global es la receptora de estos m&aacute;rtires; es ella, la Opini&oacute;n P&uacute;blica Global, quien ha de valerse y usar estos </span><span style="font-family: Courier New,monospace;"><em>leaks</em></span><span style="font-family: Courier New,monospace;"> informativos y financieros. (Para ampliar: <a href="http://t.umblr.com/redirect?z=https%3A%2F%2Fwww.google.es%2Furl%3Fsa%3Dt%26rct%3Dj%26q%3D%26esrc%3Ds%26source%3Dweb%26cd%3D2%26cad%3Drja%26uact%3D8%26ved%3D0ahUKEwi6ltq6wt_QAhWL1RQKHZ2SAo0QtwIIJDAB%26url%3Dhttps%253A%252F%252Fwww.youtube.com%252Fwatch%253Fv%253DQWU6tVxzO1I%26usg%3DAFQjCNHUSvsFlenmDZ-O6ljfMSLOlDaMLA%26sig2%3DKCRwyB5yYTe_i2ZJS-zn1A&amp;t=MDY2NWEzZjJlNDg0NGZlMzEwYjg1NWNkMjZkZmMwYWQyY2YxYTcyNyw0a3g3ZFhCcg%3D%3D&amp;b=t%3AsBI8tT3MALqCUvgXp_yJnw&amp;m=1">Aussie Election: A Game of Polls - feat. Julian Assange [RAP NEWS 20]</a>). Se recuerdan las t&eacute;cnica de Satyagraha que Gandhi pusiera en practica en su lucha de liberaci&oacute;n nacional contra el imperio brit&aacute;nico, colonizador. La desobediencia civil estriba en desobedecer una ley que se piensa injusta y hacerlo p&uacute;blico para que sea la Opini&oacute;n P&uacute;blica la que se encargue de exigir al Poder Legislativo que cambie la ley injusta; exigir al Poder Judicial que absuelva al m&aacute;rtir por quebrantar la ley; exigir al Poder Ejecutivo que ordene la suspensi&oacute;n de la antigua ley y una vez promulgada en el parlamento e inscrita en el BOE ordene se acate la ley modificada.</span></p><p style="text-align: JUSTIFY;"><span style="font-family: Courier New,monospace;">De lo contrario, como en el caso de Snowden o Dur&aacute;n, si la Opini&oacute;n Popular calla, entonces, el m&aacute;rtir se la come con queso. Solitario y excluido. No todos lo resisten y son capaces de vivir lejos de su hogar, como topos (para ampliar: <a href="https://en.wikipedia.org/wiki/The_Internet&rsquo;s_Own_Boy">/wiki/The_Internet&rsquo;s_Own_Boy</a>).</span></p><p style="text-align: JUSTIFY;"><span style="font-family: Courier New,monospace;">Sabiendo que la Opini&oacute;n P&uacute;blica es un colectivo, un egregor, un lobby, una uni&oacute;n, un&hellip; <strong>bueno; hechos son amores. Enric, Ed va por vosotros esta entrada, por vuestra memoria y por vuestra demanda, que est&aacute; en curso</strong>.</span></p><p style="text-align: JUSTIFY;"><span style="font-family: Courier New,monospace;">Efectivamente, mi no-maestro, que pas&oacute; varias semanas encarcelado en Madrid, cuando era joven, acusado de pertenecer al partido comunista de Sempr&uacute;n, da en el clavo: nos queda &uacute;nicamente que <strong>una nada absoluta y gigantesca en la que, para bien, los tipos que sepan nortear en el vac&iacute;o podr&iacute;an abrir senda y hacer camino al andar</strong>. Tan de extrema derecha como se pronuncia mi no-maestro, el punto 6 de su enumeraci&oacute;n en Good News (28 nov 2016) duele, hiere y mata a este no-disc&iacute;pulo que todav&iacute;a es joven como para hacerse conservador:</span></p><blockquote style="text-align: justify;"><div><span style="font-family: Courier New,monospace;">6. Fran&ccedil;ois Fillon arrasa en las primarias de la derecha francesa. Termina el pertinaz tsunami de mayo del 68. Vuelve a Francia el bon sens. La izquierda se extingue en el pa&iacute;s que hace doscientos veintisiete a&ntilde;os la invent&oacute;.</span></div></blockquote><p style="text-align: JUSTIFY;"><span style="font-family: Courier New,monospace;">Nada m&aacute;s que a&ntilde;adir. Es dif&iacute;cil seguir escribiendo. M&aacute;xime cuando sabes que l<strong>a muerte, a la vejez, ronda como enemigo</strong> igual como rondan <em>el perder el norte y juguetear con el </em><em><strong>poder</strong></em> que acechan al <em>hombre de conocimiento que super&oacute; su </em><em><strong>miedo</strong></em><em> y con su </em><em><strong>claridad</strong></em> y ascendi&oacute; al pen&uacute;ltimo de <strong>los cuatro estadio</strong>s del hombre de conocimiento, que don Juan (indio yaki) le contara al antrop&oacute;logo Carlos Castaneda que existen para quien se adentre en la aventura del <em>gnosti te auton. </em></span></p><p style="text-align: JUSTIFY;"><span style="font-family: Courier New,monospace;">Quiz&aacute;s, advierte el Caballero del Escarabajo, el pr&oacute;ximo a&ntilde;o nuevo que entra sea el &uacute;ltimo. Ir&aacute; a morir a Benar&eacute;s. Quiz&aacute;s. De igual modo, hace cuatro a&ntilde;os, en este espacio de escritura en l&iacute;nea, yo te preparaba, quiz&aacute;s, (Melancol&iacute;a de Von Trier), para el final de nuestra era. No me f&iacute;o un pelo. Puede que esta vez vaya de veras. A mi no-maestro le encanta crear alarmas. Adora poner en jaque a la audiencia y tiene una habilidad innata para salirse por la tangente cuando el farol se descubre porque el futuro ha llegado y lo ha desmentido. Y, sin embargo, esta cuenta atr&aacute;s es un medio para lograr un fin, a m&iacute;, si pasa, me pillar&aacute; escribiendo. Al pie del ca&ntilde;&oacute;n, con periodicidad de cuatro o cinco d&iacute;as, columna de opini&oacute;n.</span></p><p style="text-align: JUSTIFY;"><span style="font-family: Courier New,monospace;">Filtraciones como el <em>PRISM</em> y ahora la <em>Rule41</em> son el suma y sigue de claros signos de <strong>un nuevo mundo menos antr&oacute;pico que singular y menos humanista que tecnol&oacute;gico</strong>. que ya no es una quimera del futuro sino un presente instalado y haciendo de las suyas <strong>sobre el proyecto humanista e ilustrado que situaba la moral y la &eacute;tica y la est&eacute;tica humana en el centro</strong>.</span></p><p style="text-align: JUSTIFY;"><span style="font-family: Courier New,monospace;">Quiz&aacute;s, en cierto modo, efectivamente el 21 de 12 de 2012 a las 11:11 s&iacute; pasara algo grave en la Tierra.</span></p><p style="text-align: JUSTIFY;"><span style="font-family: Courier New,monospace;">La estrategia del sistema es cambiar lo m&iacute;nimo para que nada cambie. El hecho de que la banca espa&ntilde;ola apenas si haya devuelto un 5% del dinero que los estados les dieron para rescatarlos a partir de la crisis inmobiliaria de 2008 es una pura canallada cuando el Robin Bank apenas si usurp&oacute; deuda (que no dinero) por valor de medio mill&oacute;n. Desde el </span><span style="font-family: Courier New,monospace;"><strong>espacio en blanco</strong></span><span style="font-family: Courier New,monospace;">, la creaci&oacute;n cooperativa ha sido todo un logro. Se insiste: obras son amores. (Para ampliar informaci&oacute;n: <a href="http://t.umblr.com/redirect?z=http%3A%2F%2Fenricduran.cat%2Fcomunicat-llegit-a-lentrega-del-premi-drets-humans-del-festival-de-cinema-i-drets-humans-de-barcelona%2F&amp;t=NTZjYWMwMjE1ZDFiYTljNDM5NDlmZjU1ZDA3MDUzYzVhNGFiZjcwZiw0a3g3ZFhCcg%3D%3D&amp;b=t%3AsBI8tT3MALqCUvgXp_yJnw&amp;m=1">http://enricduran.cat/comunicat-llegit-a-lentrega-del-premi-drets-humans-del-festival-de-cinema-i-drets-humans-de-barcelona/</a>)</span></p><p style="text-align: JUSTIFY;"><span style="font-family: Courier New,monospace;">Prometo que aqu&iacute;, y ahora, lectora, lo &uacute;nico que desear&iacute;a en la vida es <strong>que me comentases al pie de este escrito que te apuntas conmigo al XVII encuentro de la escuela inici&aacute;tica de Eleusis en Benar&eacute;s y que nos vemos el d&iacute;a 29 all&iacute;.</strong></span></p><p style="text-align: JUSTIFY;"><span style="font-family: Courier New,monospace;">Todo lo dem&aacute;s, y, en particular, tu silencio, es puro dolor. Padecimiento weltheriano del que hago romance y l&iacute;rica. Si no quieres o puedes ir a Benar&eacute;s tampoco pasa nada. Seguir&eacute; arrastrando una bufanda, dese&aacute;ndote, como desde hace veinti&uacute;n a&ntilde;os.</span></p><p style="text-align: JUSTIFY;"><span style="font-family: Courier New,monospace;">Tomar&eacute; unos pocos analg&eacute;sicos (salva la met&aacute;fora) de esta farmacia: <a href="http://t.umblr.com/redirect?z=https%3A%2F%2Fprism-break.org%2F&amp;t=MTEyOWViNGY3M2JjZmNlNDY0ZjNhOTI5YjZiOWI3ZjZmYzg3OTBjNyw0a3g3ZFhCcg%3D%3D&amp;b=t%3AsBI8tT3MALqCUvgXp_yJnw&amp;m=1">https://prism-break.org/</a> y seguir&eacute; tranquilo, sabiendo que todos mis correos y mis llamadas personales y cualquier momento en que las c&aacute;maras de mi smpartphone o de mi port&aacute;til o sus micr&oacute;fonos capten lo que pasa en el interior de mi familia, de mi casa o de mi alcoba es publicado y almacenado y registrado en centros de datos de norteam&eacute;rica.</span></p><p style="text-align: JUSTIFY;"><span style="font-family: Courier New,monospace;">Cada vez que he dicho te amo o que he lamido unos labios, mi m&oacute;vil escuchando lo ha grabado.</span></p><p style="text-align: JUSTIFY;"><br /><br /></p><p style="text-align: RIGHT;"><span style="font-family: Courier New,monospace;">Aleph. Tartessos, oto&ntilde;o 2016</span></p><p style="text-align: JUSTIFY;"><br /><br /></p><p style="text-align: JUSTIFY;"><br /><br /></p><p style="text-align: JUSTIFY;"><br /><br /></p><p style="text-align: JUSTIFY;"><br /><br /></p><p style="text-align: JUSTIFY;"><span style="font-family: Courier New,monospace;">P.D.: Si el encuentro 17 en Benar&eacute;s no te va bien, &iquest;quedamos para el 18? muak! y &oacute;sculo!</span></p><p>&nbsp;</p>]]></description>
	<dc:creator>aleph</dc:creator>
</item>
<item>
	<guid isPermaLink="true">https://irka.io/blog/view/3342/el-tabiquillo</guid>
	<pubDate>Sat, 26 Nov 2016 17:35:21 +0100</pubDate>
	<link>https://irka.io/blog/view/3342/el-tabiquillo</link>
	<title><![CDATA[El tabiquillo]]></title>
	<description><![CDATA[<h1 style="text-align: justify;">Introducci&oacute;n</h1><p style="text-align: justify;">Lugares comunes (topos) para gente escondida (topos) ahora que el noruego y el ruso llevan ocho tablas y una victoria por barba. Esta tarde y ma&ntilde;ana dos oportunidades para desempatar; despu&eacute;s, muerte s&uacute;bita a r&aacute;pidas.</p><p style="text-align: justify;">Me hace bastante gracia el asunto de la prensa. Uno de los jugadores se enfad&oacute; un poco al perder su partida y se salt&oacute; el protocolo de la prensa; se le multa por cl&aacute;usulas del campeonato. La tensi&oacute;n de seis horas de silencio (in&uacute;til pero absoluto) justo acabada en ribete por el canutazo y la rueda de preguntas superficiales, est&uacute;pidas y carentes de otra l&oacute;gica que el amarillismo y la titulaci&oacute;n de producto para publicar en los mass media; para que el gran p&uacute;blico tenga sus p&iacute;ldoras de deporte, arte, ciencia, rey.</p><h1 style="text-align: justify;">Sobre el ajedrez</h1><p style="text-align: justify;">Igualmente todo amante de este simple juego anal&oacute;gico binario hasta la hez sabe que otro campeonato del mundo es posible; la disputa por la hegemon&iacute;a del t&iacute;tulo de campe&oacute;n del mundo de ajedrez, como le ha sucedido una decena de veces a las m&aacute;s grandes cadenas de bloques inform&aacute;ticas ha tenido divergencia y pugna por versi&oacute;n oficial. Todo se encuentra perfectamente registrado en los anales de la historia hoy d&iacute;a digitales, tambi&eacute;n.</p><p style="text-align: justify;">Tanto que le gusta el monolitismo al TABIQUILLO este del que hablo que apenas si soporta dos campeones del mundo. Solamente puede haber uno. Eso se registra en el libro Guiness de los r&eacute;cords y, en general, en todos los grandes premios. Y, sin embargo, todo amante de estas sesenta y cuatro casillas, treinta y dos figuritas de madera, sabe perfectamente que breaking the tabiquillo se ve perfectamente claro que ese juego no sirve para determinar mejores del mundo: cada partida sirve, exclusivamente, para quemar una porci&oacute;n de tiempo personal de dos personas fijadas a sus piezas.</p><h1 style="text-align: justify;">Sobre la presi&oacute;n del tiempo y los "errores por tiempo"</h1><p style="text-align: justify;">Nada sino el uso del tiempo en la acci&oacute;n cuenta la historia biogr&aacute;fica de nuestras personas. Los abiertos ae&oacute;n-kair&oacute;s son pompas gr&aacute;vidas y gentiles, de jab&oacute;n. Esos infinitos mundos que fabilas pavesas brotan al paso de nuestras zancadas en la senda que Kronos nos abre al sesgo de las &oacute;rbitas solares, al menos dentro de la V&iacute;a L&aacute;ctea (otrora allende ella), son nada tomadas de una en una, son como polvo, no son nada.</p><p style="text-align: justify;">Finalmente, another brick in the tabiquillo, mi persona fue una de esas que tuvo la fortuna de salir despedida del sistema cuando a partir de 2008 la crisis de t&oacute;xicos basura norte americana inund&oacute; los sistemas financieros europeos; oriundo de la periferia, en su sur, tuve la suerte de que el gran hermano pas&oacute; de m&iacute; y de mi cara y me expuls&oacute; fuera de sus rutinas e hipnosis imagol&oacute;gicas. Qued&eacute; pajarito como un despierto que no ha querido despertar o ha sabido que su persona iba a hacerlo pues no sab&iacute;a siquiera que estaba dormido; simplemente otra realidad apareci&oacute; ante mis sentidos lo mismo como un sue&ntilde;o se desvanece as&iacute; la sociedad del espect&aacute;culo se esfum&oacute; y otra realidad vi, o&iacute;, ol&iacute;, toqu&eacute;; y ahora cuento.</p><h1 style="text-align: justify;">Libelo y &uacute;nica chicha de este escrito, otrora egogr&aacute;fico.</h1><p style="text-align: justify;">Los bancos am&eacute;ricanos, dir&iacute;a, han devuelto el cien por cien del dinero que los estados les dieron para rescatarlos. Si no el 105%. En Espa&ntilde;a, apenas el 5% (esto se lo he o&iacute;do decir a Errej&oacute;n en la entrevista de Mongolia). Por mi parte, de nuevo he logrado hacerme con unos medios de producci&oacute;n. De nuevo, tras a&ntilde;os saboreando el agridulce sabor de esta Tierra, dispongo de maquinaria y puedo producir. El casco del sistema copa mis sentidos y regreso al juego del espect&aacute;culo, contruy&eacute;ndome una identidad y at&aacute;ndola jur&iacute;dicamente a una de esas naciones de las que N. G&uuml;ell quer&iacute;a ser ap&aacute;trida. Como cantan los Morente que remedan a los Cohen --ya muertos-- "te dije, ay, ya te dije...", y sigue "... y ahora te asusta que..."; "primero, conquistaremos..."</p><p style="text-align: justify;">Estoy alucinando; la derrota de mayo del 68 es la derrota del 15M (desde la primavera &aacute;rabe hasta occupy wall street), la primavera de Praga, un mismo patr&oacute;n:</p><p style="text-align: justify;">&nbsp;</p><blockquote><p style="text-align: center;">UNA CANTIDAD DE MASA OBRERA CUALIFICADA MANDADA AL CARAJO.</p></blockquote><p style="text-align: justify;">&nbsp;</p><h1 style="text-align: justify;">Un <em>fork</em> como otro cualquiera de lo anterior</h1><p style="text-align: justify;">Exiliarse a otras movies, otros tabiquillos; para sobrevivir la biograf&iacute;a personal y familiar.</p><p style="text-align: justify;">Quedarse y morir la agon&iacute;a de los perdedores, exiliados, y exclu&iacute;dos. Atesorando volitivamente el poder de producci&oacute;n (ll&aacute;malo as&iacute;, ll&aacute;malo solis ipse) que el sistema abandona. (Como ribeteara Rober: "haced lo que quer&aacute;is, pero que no os vean".)</p><p style="text-align: justify;">Ir y venir trayendo y llevando en el recuerdo y mantenimiento del gobierno en el exilio. Que si ya lleva unas d&eacute;cadas fenecido pues&nbsp; ninguna entidad internacional la reconoc&iacute;a mientras que al dictador cicl&aacute;n s&iacute;, subterr&aacute;nea regresa y se presenta en sociedad recogiendo los testigos y actas que el anterior dejara (el fuego no puedo con la memoria de las personas) y afirma que es la junta de gobierno de la rep&uacute;blica y que viene a recuperar su sitio de mando estatal.</p><h1 style="text-align: justify;">Quimera l&iacute;rica (de centro izquierda)</h1><p style="text-align: justify;">Si Negr&iacute; fuera mi tatarabuelo, que no lo es, si fuera, seguro que me apremiaba, aqu&iacute; y ahora, para abandonar esta est&uacute;pida escritura (lo har&eacute;, pues, el 20 de enero que entra) acarrear algo de le&ntilde;a seca y algo de nueva, prender la chimenea, pedir perd&oacute;n por ultimar la combusti&oacute;n f&oacute;sil y la desproporci&oacute;n de di&oacute;xido de carbono, mentar en voz ceremonial las glaciaciones y los meteoritos y hasta los diluvios y el arca de no&eacute;; acarrear vasos, jarra de agua, y petaca de licor fuerte. Manipular el navegador para conectar, ratatatatatata con los de chess24(es), la und&eacute;cima.</p><p style="text-align: justify;">Si Federica M. fuera mi tatarabuela, que no lo es, har&iacute;a de nuestras seis horas (mi tatara y yo observando si sonido el tablero; sagradamente embriag&aacute;ndonos a sorbitos) un espacio para leer como le gustaba a ella: en plan <em>trip</em>.</p><h1 style="text-align: justify;">Si acaso, un postre para el escrito.</h1><p style="text-align: justify;">Bueno, &iquest;hay que resistir cinco meses m&aacute;s? &iquest;es resistir vencer?</p><p style="text-align: justify;">&nbsp;</p>]]></description>
	<dc:creator>aleph</dc:creator>
</item>
<item>
	<guid isPermaLink="true">https://irka.io/blog/view/3217/nadie-vs-todos-t3x02-incipit-vita-nova</guid>
	<pubDate>Fri, 11 Nov 2016 18:16:22 +0100</pubDate>
	<link>https://irka.io/blog/view/3217/nadie-vs-todos-t3x02-incipit-vita-nova</link>
	<title><![CDATA[NADIE vs TODOS T3x02 Incipit vita nova]]></title>
	<description><![CDATA[<blockquote><p style="text-align: justify;"><span style="font-family: courier new,courier,monospace;">Atr&aacute;s quedo yo como un imb&eacute;cil monitorizando tiempos de respuesta de un servidor Sql-Server donde estoy corriendo el PL-SQL en un StoredProcedure que soluciona y da por pantalla el c&oacute;mputo y perfecto y de puta madre que responde y calcula el resultado total de todas las transacciones y registros que se han ido acumulando bajo los &iacute;ndices y los triggers y las cascadas de actualizaci&oacute;n de las tablas&nbsp; relacionadas. Fin de un mundo. El servidor se sale de las calderas y se pone, a flor de piel, en las PeopleApp. Ahora son ellas las que hacen la movida. Algo no-sql, por ant&iacute;tesis cliente servidor.</span></p></blockquote><p>&nbsp;</p><p><img style="margin-left: auto; margin-right: auto;" src="https://eartesania.files.wordpress.com/2016/07/kinraziplogo.png" alt="" width="400" height="400"></p><p style="text-align: justify;">&nbsp;</p><p style="text-align: justify;">Cuando haces <em>deploy</em> y <em>checkeas</em> que la <em>url</em> sirve lo esperado. Y cuando vas al <em>market</em> y descargas la <em>release</em> en que hab&eacute;is estado iterando y&nbsp; ya no es alpha sino que beta y, premio que apremia, aguarda pasar a estado 'producci&oacute;n', saliendo de los repositorios de desarrollo, gametog&eacute;nesis, a correr en un demonio en un VPS o en un IaaS de corporaci&oacute;n dominante, por citar puertas del campo cibern&eacute;tico; y la instalas y ves que conecta y opera, te preparas para la<strong> evoluci&oacute;n o incipit vita nova</strong>.</p><p style="text-align: justify;">&nbsp;</p><p><img style="margin-left: auto; margin-right: auto;" src="https://eartesania.files.wordpress.com/2016/11/captura-de-pantalla-2016-11-11-a-las-19-48-11.png" alt="" width="542" height="412"></p><p style="text-align: justify;">&nbsp;</p><p style="text-align: justify;">No hay medias tintas. O sigues iterando sobre ese sistema. O, de all&iacute; o de all&aacute;, otro proyecto. Puedes intentar partirte y jugar a la esquizofrenia: m&uacute;ltiples realidades en el mismo tiempo. As&iacute; s&iacute; habr&iacute;a tintas medias. TOR y su navegador Torificado permiten gran complejidad t&eacute;cnica en la navegaci&oacute;n y, sin embargo, el usuario si apenas siente maquinaria alguna en su HTML. Un capit&aacute;n de nav&iacute;o capaz de atravesar el Atl&aacute;ntico con madera y tela y cuerdas como polo uno de una analog&iacute;a que tendr&iacute;a como polo dos un magnate-&eacute;lite-post-2007-IV Guerra Mundial en su barco a diesel con &uacute;ltima generaci&oacute;n de controles y modernos motores ultrapotentes capaces de desafiar, casi, --ellos no, pero s&iacute; los pilotos de aviones que hacen burbuja en el vac&iacute;o cuando con sus aviones tientan el tope de velocidad a la que los fotones de luz, que es part&iacute;cula y onda a la vez,&nbsp; pinta una especie de caparaz&oacute;n blanco de seta.--, la estupidez para pilotar y no matarse pudiendo, incluso, en sill&oacute;n de cuero con puro y Gin-Tonic, soltar el tim&oacute;n, ignorar la ruta, dejar de mirar las estrellas para trazar l&iacute;neas de rumbo, alienarse, olvidarse de la conducci&oacute;n, y disfrutar sosegadamente de la traves&iacute;a mientras que la m&aacute;quina pilota.</p><p style="text-align: justify;">Los Stars de los ochenta y noventa era un<strong> sistema de artistas gimnastas</strong> que hac&iacute;a un <em>show</em> que sumado y en conjunto era el <strong>Show que must go on</strong>. Hoy d&iacute;a los Tesla autopilotados hacen por carretera lo que por mar y aire hac&iacute;an las inteligencias de navegaci&oacute;n autom&aacute;ticas.</p><p style="text-align: justify;"><img src="https://eartesania.files.wordpress.com/2016/09/vitalik.jpg" alt="" width="725" height="483"></p><p style="text-align: justify;">En el plano de los servicios de comunicaci&oacute;n y escritorio, hoy d&iacute;a, sin el reconocimiento del p&uacute;blico cuando sirves c&oacute;digo privado; o, con &eacute;l, reconocimiento en las descargas cuando publicas utilidades imprescindibles y que acompa&ntilde;an una &eacute;poca, con una versi&oacute;n de sistema operativo: una red de show vive una cultura y unas modas m&aacute;s o menos gobernadas por las grandes marcas y corporaciones agrupa nichos y segmentos de conjuntos.</p><p style="text-align: justify;">Hoy d&iacute;a,<strong> Jessie es a Debian lo que Lucy a las hom&iacute;nidas humanas</strong>. &iquest;No?</p><p style="text-align: justify;">Unos <strong>nuevos escenarios proyectan una escena hard-soft</strong> bastante rese&ntilde;able como para enumerar descriptivamente con &aacute;nimo de explicar lo que se ve (la totalidad de lo real, para la filosof&iacute;a; lo tangible y cuantificable para la f&iacute;sica) y, en suma y en conjunto, aportar a eso que digamos sea <strong>la huella de nuestra generaci&oacute;n</strong>.</p><p style="text-align: justify;">Le he dedicado mucho tiempo a la literatura y por eso considero que, machadianamente, puedo no corregir este texto y presentarlo as&iacute; como viene, con faltas de ortograf&iacute;as y gram&aacute;tica propias de la escritura al vuelo. A quince minutos de que comience la partida. Quiz&aacute;s, por fin, liber&aacute;ndome del yugo de la escritura, el silencio tras la palabra, &uacute;ltimo escrito, ever.</p><p style="text-align: justify;">O, <em>show must go</em> on, &uacute;ltima clase en el &uacute;ltimo m&oacute;dulo que le faltaba a la <em>release</em>.</p><p style="text-align: justify;">Incipit vita nova. Saludos y abrazos.</p><p style="text-align: justify;">&nbsp;</p><div><div>Tweet fijado</div></div><div><div><a href="https://twitter.com/pnique"> <img src="https://pbs.twimg.com/profile_images/747820587578462208/ke6DTNp4_bigger.jpg" alt=""><strong>Pablo Echenique</strong> &rlm;<span style="text-decoration: line-through;">@</span><strong>pnique</strong> </a><small> <a href="https://twitter.com/pnique/status/796763414152577026">24 hhace 24 horas</a> </small></div></div><p lang="en">Hey <a dir="ltr" href="https://twitter.com/realDonaldTrump"><span style="text-decoration: line-through;">@</span><strong>realDonaldTrump</strong></a>, I've written a letter to you (inspired by <a dir="ltr" href="https://twitter.com/Albert_Rivera"><span style="text-decoration: line-through;">@</span><strong>Albert_Rivera</strong></a> and <a dir="ltr" href="https://twitter.com/susanadiaz"><span style="text-decoration: line-through;">@</span><strong>susanadiaz</strong></a>).</p><p lang="en">&nbsp;</p><hr><div><div><a href="http://nadievstodos.tumblr.com/post/153041593710/incipit-vita-nova">Noviembre 11th, 2016</a></div><div><a href="http://nadievstodos.tumblr.com/">nadievstodos <img src="https://irka.io/mod/image_proxy/image.php?url=http%3A%2F%2F66.media.tumblr.com%2Favatar_d8cc44d266ed_16.png&amp;token=135be9cedb4e961f77d0d2787e1d1996166b5f63" alt="image"></a></div><div>&nbsp;</div></div><div><h3><span style="font-family: courier new,courier,monospace;">Incipit vita nova</span></h3><div><p style="text-align: justify;"><span style="font-family: courier new,courier,monospace;">Finalmente, Android, Firebase, NodeJs, Java, Socket.io y ese orden de tecnolog&iacute;as que son un remedo del mundo MEAN que lleg&oacute; sobre el GLAMP (n&oacute;tese la G, de GNU) y que vertebran, transversalmente, de c&oacute;digo abierto (FSF, no confundir abierto con libre), la Biblia Developer que permite a los reba&ntilde;os de coders y designers juntar paquetes JAVA con paquetes RES en un apk y ofrecerlo al mundo como interfaz renderizada en cliente capaz de, con poco tr&aacute;fico de colores y mandangas de Interfaz de Usuario (App o PeopleApp para expresar que es un &ldquo;instalable&rdquo; y &ldquo;ejecutable&rdquo; para tu dispostivo m&aacute;quina), establecer, ora <em>polling</em> como en los 90 con AJAX, ora <em>websockets</em> como tras el <strong>Efecto2000</strong>, datos y contenidos. Mas, al cabo, ora <em>pushing</em>, los servidores toman contacto e interacci&oacute;n con los usuarios. As&iacute; como es arriba, la comunicaci&oacute;n descendente, es abajo. Fin del concepto de hombre moderno. Inicio del posmoderno. Fin del servidor sin estado. Inicio de&hellip; (Biopoder, finanzas y derivados; mandanga #proCon de la buena).<br /></span></p><p style="text-align: justify;"><span style="font-family: courier new,courier,monospace;">Hace nada m&aacute;s que tres d&iacute;as que:</span></p><p style="text-align: justify;"><span style="font-family: courier new,courier,monospace;"><a href="http://t.umblr.com/redirect?z=https%3A%2F%2Fgithub.com%2Fwatson-intu%2Fself-sdk&amp;t=NjZjODZmY2Y2NDIxYjg1NDMyOGE3ZTY1N2E0MzEyNjQ2ZDlmMGFjOCxWam9hNjYySA%3D%3D&amp;b=t%3AsBI8tT3MALqCUvgXp_yJnw&amp;m=1">https://github.com/watson-intu/self-sdk</a></span></p><p style="text-align: justify;"><span style="font-family: courier new,courier,monospace;"><strong>Dios</strong>, esto es creaci&oacute;n l&iacute;rica, --perd&oacute;nese el monote&iacute;smo y centralismo: T<em>3x02 Incipit vita nova-- <strong>dijo</strong></em><strong> el s&eacute;ptimo d&iacute;a</strong>:</span></p><p style="text-align: justify;"><span style="font-family: courier new,courier,monospace;"><a href="http://t.umblr.com/redirect?z=https%3A%2F%2Fgithub.com%2Fwatson-intu%2Fself-sdk&amp;t=NjZjODZmY2Y2NDIxYjg1NDMyOGE3ZTY1N2E0MzEyNjQ2ZDlmMGFjOCxWam9hNjYySA%3D%3D&amp;b=t%3AsBI8tT3MALqCUvgXp_yJnw&amp;m=1">https://github.com/sapiens-intu/self-sdk</a></span></p><p style="text-align: justify;"><span style="font-family: courier new,courier,monospace;">Y <em>public&oacute;</em> el primero y lo puso en <em>producci&oacute;n</em>. </span></p><p style="text-align: justify;"><span style="font-family: courier new,courier,monospace;">Es un chiste. Pero si se observa la homeomorf&iacute;a, si no da p&aacute;nico: mola. Confudir&iacute;a al diablo.<br /></span></p><p style="text-align: justify;"><span style="font-family: courier new,courier,monospace;">No faltan evangelistas y maestros canteros en esta historia como para levantar iglesia. Muchas, o, como m&iacute;nimo: protestantes, cat&oacute;licos, apple, microsoft... allende Stallman Gnu y Torvald Linux --over UNIX-- el resto de distros y particularidades.</span></p><p style="text-align: justify;"><span style="font-family: courier new,courier,monospace;">Quien piensa que los paquetes inteligentes que hacen cosas (PeopleApp) en su m&aacute;quina solamente pueden obtenerse de los markets y no han desactivado la opci&oacute;n<em> settings-instalar desde origen desconocidos</em> su Android, o han jailbreak su iOS se llaman usuarios y son lurkers de la movida internauta. Espectadores que observan y atienden la cara visible del iceberg. Los repositorios como fuente leg&iacute;tima, an&oacute;nima, local o todo lo contrario, municipal, institucional, de contenidos. Quien controla GRUB controla el presente. Quien controla el presente controla el pasado. Quien controla el pasado ha descubierto alg&uacute;n tipo de ingenier&iacute;a inversa para retrotraer la espiral del tiempo y doblar, rollor Ministerio del Tiempo, las entradas al presente.</span></p><p style="text-align: justify;"><span style="font-family: courier new,courier,monospace;">Como por obra y gracia de Linus tenemos git y podemos controlar las versiones; los <em>coders</em> podemos <em>forkear</em> y <strong>bifurcar</strong> cualquier <span style="font-family: book antiqua,palatino,serif;">/sapiens-intu/self+sdk</span> para desarrollar otra manera y cuerpo y forma de usar la computaci&oacute;n y el tiempo de ejecuci&oacute;n y los servicios en el <span style="font-family: book antiqua,palatino,serif;">MainLoop</span> de la Screen del user que ejecuta nuestra PeopleApp. Basta con hacer <span style="font-family: book antiqua,palatino,serif;"><em>git clone -b nombre_de_rama url_https_del_repositorio</em> </span>y v&iacute;a <em>https-tcp/ip</em> puedes obtener en cualquier disco duro del planeta conectado a la red un <span style="font-family: book antiqua,palatino,serif;">self-sdk</span> completo. Desvincularse o hacer <em>pull-request</em> al repositorio original es una decisi&oacute;n plausible y muchas veces simult&aacute;nea.</span></p><p style="text-align: justify;">&nbsp;</p><p style="text-align: justify;"><span style="font-family: courier new,courier,monospace;"><img src="https://eartesania.files.wordpress.com/2016/10/oyente_t4x03.png" alt="" width="748" height="664"></span></p><p style="text-align: justify;">&nbsp;</p><p style="text-align: justify;">&nbsp;</p><p style="text-align: justify;">&nbsp;</p><p style="text-align: justify;"><span style="font-family: courier new,courier,monospace;">De componentes f&iacute;sicos y l&oacute;gicos se componen los materiales de la <strong>Era Digital</strong>. Esta era sucede a la <strong>Era de la Informaci&oacute;n</strong>. Oficinas de administraci&oacute;n y desarrollo de software; en sost&eacute;n de unos medios de producci&oacute;n de maquinaria. As&iacute;, <strong>ambos mundos discurren, de personal e infraestructura</strong> (historia, cultura, bagaje, generaciones, etc.), <strong>paralelos</strong>. Trenzando la noosfera (como conjunto y paradigma de la <em>inteligencia</em> en un ecosistema) y la biosfera (como conjunto y paradigma de la vida en un ecosistema) en telecomunicaciones, tiempo real, memoria magn&eacute;tica perenne, difusi&oacute;n de chorro audiovisual, etc. elementos que se han incorporado al sost&eacute;n y mantenimiento de la memoria colectiva y la raz&oacute;n y se&ntilde;a de la naci&oacute;n-pueblo-municipio-federaci&oacute;n etc. Entre las hibridaciones cyborg la que se&ntilde;alo en este escrito es la confusi&oacute;n de m&aacute;quina y humano en la producci&oacute;n de consenso.<br /></span></p><p style="text-align: justify;"><span style="font-family: courier new,courier,monospace;">Hackear <em>rudimentos hardware</em> o manejar l&oacute;gicamente y como espectador algoritmos en <em>lenguaje m&aacute;quina</em> separa, con liminaridad, una misma &aacute;rea de constructores, t&eacute;cnicos e ingenieros de la maquinaria. El momento en que los engranajes y c&oacute;mputos relativos a la temperatura y fluctuaci&oacute;n en los <em>componentes f&iacute;sicos</em> se alejan, con liminaridad, de los registros e instrucciones ensamblador (verbigracia) que operan con ellos. En ese sentido, podemos observar, a vista de p&aacute;jaro, <strong>una visi&oacute;n anal&iacute;tico-objetiva</strong>, los espacios de trabajo se han separado y las m&aacute;quinas de computaci&oacute;n (ordenadores y siguientes; smartphones, tablets, etc) han ocupado oficinas, m&aacute;s o menos similares, entorno a servidores LAN y cableado ethernet en los noventa &ndash;y WIFI u otros inhal&aacute;mbricos al saltar el efecto 2000 (como problem&aacute;tica UNIX timestamp y siguientes, etc, Epoch time y UTC)&ndash;; los talleres con mesas de ensamble y fusi&oacute;n de componentes y paneles de herramientas en las paredes seg&uacute;n &aacute;rea tel&uacute;rica, por su parte, en simetr&iacute;a, m&aacute;s o menos similares. La especializaci&oacute;n en microhardware o en IaaS, es decir, las dimensiones de la construcci&oacute;n, entonces, impone las dimensiones de la oficina y del taller.</span></p><p style="text-align: justify;"><span style="font-family: courier new,courier,monospace;">Por supuesto, la dom&oacute;tica,y el BigData, como t&eacute;rmino &uacute;ltimo, emp&iacute;reo final de la producci&oacute;n, varios niveles por debajo de los sistemas y las computaciones propias de la alba&ntilde;iler&iacute;a para construir el edicio, o sea: la infraestructura, donde luego habr&aacute;n de suceder las vivencias. Las habitaciones de hotel son el paradigma de la deepweb.</span></p><p style="text-align: justify;"><span style="font-family: courier new,courier,monospace;"><img src="https://eartesania.files.wordpress.com/2016/10/cxtrxrtwcaeeul1.jpg" alt="image"></span></p><p style="text-align: justify;">&nbsp;</p><p style="text-align: justify;"><span style="font-family: courier new,courier,monospace;">Son las cinco de la tarde. Pasa un cuarto de hora. Hoy es un d&iacute;a muy especial para el mundo de la l&oacute;gica y la filosof&iacute;a. Las c&aacute;maras 360 grados por 15$ tienes cobertura en la p&aacute;gina oficial del evento, en Nueva York. De Noruega y Crimea vienen los titanes que<strong> lidiaran 12 partidas en rondas de dos d&iacute;as partida-uno descanso</strong>. Hasta los tiers finales, &uacute;ltimos de noviembre. Escribo esto sabiendo que Python se basta mucho y sobrado para abundar entre dispositivos de usuario y de infraestructura, que <strong>lo mismo abre un pipe</strong> en un server que te hace un exploit, que te monta una interfaz <em>responsive</em>. La serpiente y <span style="color: #339966;"><strong>el meme del Pepe frog Trump</strong></span>, ahora que los republicanos coronar&aacute;n en enero el nuevo presidente que destituye a Obama, <span style="color: #800080;"><strong>&iquest;qu&eacute; pasara con el Obama-care?</strong></span> Bipolaridad en la potencia mundial natural entre <span style="color: #0000ff;">dem&oacute;cratas</span> y <span style="color: #ff0000;">republicanos</span>.</span></p><p style="text-align: justify;"><span style="font-family: courier new,courier,monospace;">Todo el mundo sabe que eso es un embudo. El embudo es ascensor social y concertinas y muros que separan zonas de clase.</span></p><p style="text-align: justify;"><span style="font-family: courier new,courier,monospace;">Todo el mundo no lo sabe. Claro. Adem&aacute;s, p2p un mundo subterr&aacute;neo ha minado bloques en cadena. Blockchain ya est&aacute; aqu&iacute;. Definitivamente la descentralizaci&oacute;n depreca las centralizaciones del imperio&hellip; la multitud tiene su base de datos (ya no relacional) para escribir su memoria. Ya sabe quien lee que la Historia, con may&uacute;sculas, como la Hegemon&iacute;a, tambi&eacute;n con may&uacute;sculas y las hegemon&iacute;as y las historias con min&uacute;sculas est&aacute;n, todas, en disputa.<br /></span></p><p style="text-align: justify;">&nbsp;</p><p style="text-align: justify;"><span style="font-family: courier new,courier,monospace;">Decimos, para jugar, analog&iacute;as, e, incluso, transgrediendo y extrapolando territorios: homeomorf&iacute;as, que Artaud y Kant son soft y hard respectivamente. Que Jefferson y Montaigne son Microsoft y Linux; que Rimbaud y Smith son Apple y ASAP-Cobol. Seguro que las relaciones son rec&iacute;procas y permutables. La libre asociaci&oacute;n es lo que tiene. Las m&aacute;quinas lo llevan fatal; a pesar de que los modernos simuladores cu&aacute;nticos y los prototipos reales cu&aacute;nticos tengan apps que generan aleatorios NP que escapan al tiempo polinomial de nuestras m&aacute;quinas y nuestros cerebros sapiens. No digamos que son infinitos, pero s&iacute; que nos contienen y por ello no podemos m&aacute;s que agradecer al Sol y la V&iacute;a L&aacute;ctea la luz y la leche, respectivamente. Mamar de la teta es para todos. Si la luna refleja la luz del sol y con ello gobierna las mareas, &iexcl;qu&eacute; no han de poder las materias grises de nuestros cerebros y los disco s&oacute;lidos estos nuevos ultrar&aacute;pidos para reflejar y gobernar las mareas!<br /></span></p><p style="text-align: justify;"><span style="font-family: courier new,courier,monospace;">Pues eso, elige color y &eacute;chate a la calle con la marea que escoges. Las hay de todos colores, haces falta en cualquier lugar, en cualquier momento, y eres prescindible siempre. En la marea.</span></p><p style="text-align: justify;"><span style="font-family: courier new,courier,monospace;">Los conjuntos de an&aacute;lisis y s&iacute;ntesis funcionan as&iacute; en el orden hol&oacute;nico que hoy d&iacute;a presenta la teor&iacute;a de la espiral de la evoluci&oacute;n de la conciencia humana: ellos, los conjuntos, se interseccionan, se clonan, se mezclan y repelen, se sustituyen o intercalan, etc.</span></p><p style="text-align: justify;"><span style="font-family: courier new,courier,monospace;">Uno mira el &aacute;rbol ling&uuml;&iacute;stico, cada uno que lo mire un poco por el &aacute;rbol que le toque, yo lo miro por el IndoEuropeo, las ramas y lenguas que acaban floreciendo en esa rama mientras que en las otras ramas otras lenguas florecen porque otras comunidades y culturas las hablan, escriben.</span></p><p style="text-align: justify;"><span style="font-family: courier new,courier,monospace;">Hoy haremos un PeopleApp con Polymer y ma&ntilde;ana con AngularJs. A eso me refiero, la lista de corrientes est&eacute;ticas es amplia, MeteorJs, Reactor&hellip; Cordova para lo h&iacute;brido,&hellip; siguen Arduino y las RaspBerry PI un camino totalmente distinto a las nuevas bases de datos no relacionales, no-sql; ahora con Watson-Self-SDK ser&aacute;n robots; si yo fuera un beb&eacute; cyborg quisiera ser un dron; un marsupial volador. </span></p><p style="text-align: justify;"><span style="font-family: courier new,courier,monospace;">Y, distinto a como antes REST, bastante s&iacute;ncrono todo el mundo moderno, la asincron&iacute;a y la orientaci&oacute;n a objetos y eventos y hooks disparan y estallan la cabeza del hombre moderno que cu&aacute;nticamente ve quedarse P donde un NP le contiene y le supera en extensi&oacute;n polin&oacute;mica.</span></p><p style="text-align: justify;"><span style="font-family: courier new,courier,monospace;">Ahora, distinto a los noventa, soportando las <strong>transacciones en tiempo real y el f<em>an-out</em> en un mundo donde el almacenamiento magn&eacute;tico en chunks de documentos</strong> &ndash;JSON&ndash;<strong> se presupone barato</strong> como para animar, por definici&oacute;n, reglas y ortodoxia, a implementar <strong>l&oacute;gicas de acceso a datos sencillas, simples y como para ni&ntilde;os de un a&ntilde;o</strong>. &iquest;Qu&eacute; m&aacute;s se le puede pedir a la <span style="color: #ff6600;">singularidad</span> nuestra que es un beb&eacute;? Complementan la historias como las colas y los workers para procesar la escalabilidad (a m&aacute;s peticiones m&aacute;s workers en distintos servidores; en contraste con colapso REST en los servidores API similar a los pasillos del metro y los vagones repletos en hora punta. Algo as&iacute; como la teletransportaci&oacute;n ha llegado al mundo del transporte de comunicaciones y el Entanglment es denormalizaci&oacute;n y dispersi&oacute;n de la informaci&oacute;n descentralizadamente). El mundo de los hilos y los multiversos de Threads requiere saber manipular ExecutorPools y, descaradamente, Cervantes aqu&iacute; aceptar&iacute;a que Quijote comenzara a leer libros hackers en lugar de libros de caballer&iacute;a, y que la c&aacute;bala y la m&iacute;stica bajo el manto de corte populista en la triple dimensi&oacute;n del mito, refiera y signifique y por ello ofrezca un significado que comunicar y proteger entre generaciones de un mundo tal que es el que esta viviendo y donde quienes contra molinos se enfrentan y desfacen entuertos, ora financieros, ora legales, ora informaci&oacute;n, son los hackers que manipulan c&oacute;digos ora ling&uuml;&iacute;sticos, ora inform&aacute;ticos, ora autom&aacute;tas, bla...<br /></span></p><p style="text-align: justify;"><span style="font-family: courier new,courier,monospace;">Atr&aacute;s quedo yo como un imb&eacute;cil monitorizando tiempos de respuesta de un servidor privativo Sql-Server donde estoy corriendo el PL-SQL en un <em>StoredProcedure</em> que soluciona y da por pantalla el c&oacute;mputo y perfecto y de puta madre que responde y calcula el resultado total de todas las transacciones y registros que se han ido acumulando bajo los &iacute;ndices y los triggers y las cascadas de actualizaci&oacute;n de las tablas&nbsp; relacionadas. Fin de un mundo. El servidor se sale de las calderas y se pone, a flor de piel, en las PeopleApp. Ahora son ellas las que hacen la movida. Algo no-sql, por ant&iacute;tesis cliente servidor. El gitano que canta cuando le dicen y pagan o dan de comer.<br /></span></p><p style="text-align: justify;">&nbsp;</p><p style="text-align: justify;"><span style="font-family: courier new,courier,monospace;"><img src="https://eartesania.files.wordpress.com/2016/07/aleph.png" alt="" width="606" height="854"></span></p><p style="text-align: justify;"><span style="font-family: courier new,courier,monospace;">Noches en la oficina, en V&iacute;a Augusta, en la Ciudad Condal, recuerdo que una novia me vino a buscar de madrugada harta de tantos meses de perder cama con ella y me llev&oacute; con los ojos vendados y en connivencia con el resto del equipo (siempre en crisis, con retraso y desbordados); fluctuamos de libido en una habitaci&oacute;n de hotel, en la esquina con Balmes. Luego, en el portal, la acompa&ntilde;&eacute; hasta el metro, me dijo muy claramente que ella no comulgaba mucho con <strong>esta historia tecnol&oacute;gica de singularidad y digitalizaci&oacute;n que tan poco cuenta con lo sapiens-emocional-espiritual y dem&aacute;s lazos y correlaciones entre seres vivos y m&aacute;s o menos conscientes de la Tierra</strong>. A las pocas semanas rompimos.</span></p><p style="text-align: justify;"><span style="font-family: courier new,courier,monospace;">Creo que ahora, si volviera a vivir, no le prestar&iacute;a m&aacute;s atenci&oacute;n al porcentaje de optimizaci&oacute;n que tal &iacute;ndice o tal refactorizaci&oacute;n de los SELECTS y JOINS con que GROUP y ORDER los datos que esperan los clientes de su soluci&oacute;n inform&aacute;tica, que a resolver esa peque&ntilde;a divergencia que aquella noche mi chica me expres&oacute; psicoanal&iacute;ticamente y meridianamente claro. </span></p><p style="text-align: justify;"><span style="font-family: courier new,courier,monospace;">Identific&oacute; unas dianas, y, quiz&aacute;s en un s&iacute;mil, apunt&oacute; que ella ser&iacute;a capaz de biocodificar y desbiocodificar ciertas dianas. </span></p><p style="text-align: justify;"><span style="font-family: courier new,courier,monospace;">Que me siguiera --sard&oacute;nica guerrera del amor que sucumbe en la iron&iacute;a tras la tortura de mi enagenamiento <em>techy</em>-corporal-- entreteniendo, ah&iacute;, con los registros y sistemas gestores de informaci&oacute;n, (no mencion&oacute; a los constructores de hardware; pero sobrentend&iacute;a en aquel momento en ellos al demonio puro; en un claro fervor inci&aacute;tico que con el tiempo se vuelve moderaci&oacute;n cuando el aprendiz domina su arte y diferencia la esencia como para, tambi&eacute;n, como el resto de las culturas y cosas y t&eacute;cnicas y campos y &aacute;reas y etc, acudir a los sistemas de computaci&oacute;n para cimentar y operar con su propia obra. A la postre, si alg&uacute;n d&iacute;a ella desea una base de datos donde guardar sus c&oacute;digos de biodescodificaci&oacute;n y una interfaz amena y conforme a las demandas que su d&iacute;a a d&iacute;a en terapia pueda demanadar: veinte a&ntilde;os despu&eacute;s, mis c&oacute;digos y <em>setups</em> en mucho han de halagar sus biodianas); en fin.</span></p><p style="text-align: justify;"><span style="font-family: courier new,courier,monospace;">En ese sentido, puedo afirmar, sin errar por lo arriba verificado, que la <strong>Filosof&iacute;a</strong> del tercer milenio, parece elemental, Watsons, es --podr&iacute;amos homeomorf&iacute;ar entre lo moderno y a lo que viene despu&eacute;s-- <em>Filosoft-ia</em>; Por las mismas, Watson reflejar&iacute;a, la <strong>F&iacute;sica</strong> del tercer milenio ser&iacute;a <em>Hard-ica</em>. Siempre, se perdonar&aacute;, el escritor intenta aportar algo a la &eacute;poca.</span></p><p style="text-align: justify;"><span style="font-family: courier new,courier,monospace;"><img src="https://eartesania.files.wordpress.com/2016/07/serment.png" alt="" width="854" height="1031"></span></p><p style="text-align: justify;"><span style="font-family: courier new,courier,monospace;">Taller u oficina, fil&oacute;sofos o f&iacute;sicos (entre ellos m&iacute;sticos o cient&iacute;ficos, cienzufos de divulgaci&oacute;n o autodidactas expedicionarios), el mundo virtual ocupa un determinado lugar en la Tierra&hellip; desde hace unos siglos, la electricidad, el magnetismo, el pl&aacute;stico frente a la dinamita, la p&oacute;lvora y bomba nuclear. <strong>Un manto de imagolog&iacute;a ha cubierto el mundo</strong>. Las guerras y bases abiertas que mantienen USA menguan y arrecian las conquistas financieras de China. La quimica, en su biogen&eacute;tica, descodificando el adn vertebra un centro de poder, o, Foucault aqu&iacute;, biopoder, visible como la v&iacute;a L&aacute;ctea, a poco que, salidos del mesocosmos sapiens, observemos la dimensi&oacute;n macro.<br /></span></p><p style="text-align: justify;"><span style="font-family: courier new,courier,monospace;">Vale, quedan treinta minutos (en la correcci&oacute;n ya quedan segundos, &iquest;c&oacute;mo saldr&aacute;n las blancas?) para que Magnus y Sergei echen su trip. Yo no pagar&eacute; por ver interactivamente 360 grados el partido; pero mantendr&eacute;, en tiempo real, desde un portal como <a href="http://t.umblr.com/redirect?z=https%3A%2F%2Fwww.chessclub.com%2F&amp;t=YmY1Y2RlMzg5NGY1NTgwYzNjZWEzZWIwM2IzNWRjY2U5N2JhYTQyZCxWam9hNjYySA%3D%3D&amp;b=t%3AsBI8tT3MALqCUvgXp_yJnw&amp;m=1">https://www.chessclub.com/</a>, en la mesa de mi sal&oacute;n comedor, un tablero actualizado.</span></p><p style="text-align: justify;">&nbsp;</p><p style="text-align: justify;"><span style="font-family: courier new,courier,monospace;"><img src="https://irka.io/mod/image_proxy/image.php?url=http%3A%2F%2F4.bp.blogspot.com%2F-hf4wYXEEuRc%2FUTRcflevLoI%2FAAAAAAAAADA%2Fu30TIbOOrgY%2Fs1600%2FMareaCiudadanaValladolid_cartel_color.jpg&amp;token=fc1dfe7dc17b9a833d699da6f375ebc309ae1fd6" alt="" width="1131" height="1600"></span></p></div></div>]]></description>
	<dc:creator>aleph</dc:creator>
</item>
<item>
	<guid isPermaLink="true">https://irka.io/blog/view/3106/topos4-capitulo-uno-slots-del-cinturon-de-van-hallen</guid>
	<pubDate>Sat, 22 Oct 2016 18:09:37 +0200</pubDate>
	<link>https://irka.io/blog/view/3106/topos4-capitulo-uno-slots-del-cinturon-de-van-hallen</link>
	<title><![CDATA[[Topos4] Capítulo uno: Slots del cinturón de Van Hallen.]]></title>
	<description><![CDATA[<p>A ra&iacute;z de la guerra fr&iacute;a, Rusia y USA se repartieron los "slots" en&nbsp;&nbsp; el&nbsp;&nbsp; cintur&oacute;n&nbsp;&nbsp; de&nbsp;&nbsp; Van&nbsp;&nbsp; Hallen&nbsp;&nbsp; que&nbsp;&nbsp; permiten&nbsp;&nbsp; tener&nbsp;&nbsp; &oacute;rbitas geoestacionarias con cobertura de 24h. Y ahora mismo se encuentran saturados. Para meter un objeto, hay que bajar otro. O esperar que termine el contrato y desplazarlo a otras &oacute;rbitas.</p>]]></description>
	<dc:creator>aleph</dc:creator>
</item>
</channel>
</rss>