<rss version="2.0" xmlns:dc="http://purl.org/dc/elements/1.1/" xmlns:georss="http://www.georss.org/georss" >
<channel>
<title><![CDATA[FreeDoc :: paper group | grupo de redacción]]></title>
<link>https://irka.io/bookmarks/group/1933/all</link>
<description><![CDATA[]]></description><item>
	<guid isPermaLink="true">https://irka.io/bookmarks/view/3095/novela-a-varias-manos-topos-para-topos-volumen-4</guid>
	<pubDate>Fri, 21 Oct 2016 13:48:28 +0200</pubDate>
	<link>https://irka.io/bookmarks/view/3095/novela-a-varias-manos-topos-para-topos-volumen-4</link>
	<title><![CDATA[[Novela a varias manos] Topos para topos, volumen 4]]></title>
	<description><![CDATA[<p>Plantilla b&aacute;sica para la redacci&oacute;n a varias manos del volumen cuatro del semestral topos para topos.</p>
<p>La redacci&oacute;n acaba en julio de 2017, fecha en que se publicar&aacute; tal y como est&eacute;.</p>
<p>Se invita a todos los miembros del <a href="https://irka.io/groups/profile/1933/freedoc-paper-group-grupo-de-redaccion">FreeDoc :: paper group | grupo de redacci&oacute;n</a> a participar de su redacci&oacute;n.</p>
<p>Saludos.</p><p>Direcciones del marcador: <a href="http://dtimb.ismy.band/devcrew/file/download/579" rel="nofollow">http://dtimb.ismy.band/devcrew/file/download/579</a></p>]]></description>
	<dc:creator>aleph</dc:creator>
</item>
<item>
	<guid isPermaLink="true">https://irka.io/bookmarks/view/2052/punto-de-pagina-para-ulteriores-acceso</guid>
	<pubDate>Tue, 18 Oct 2016 19:48:33 +0200</pubDate>
	<link>https://irka.io/bookmarks/view/2052/punto-de-pagina-para-ulteriores-acceso</link>
	<title><![CDATA[Punto de página para ulteriores acceso]]></title>
	<description><![CDATA[<p>Se llama El faro.</p>
<p>Vivir. A veces juntos, otras solos.</p>
<p>Morir solos.</p><p>Direcciones del marcador: <a href="https://lakurrealidad.wordpress.com/portada-biblioteca/la-kurrealidad/otsirk/puertadegea/fichas/linea-internacional-de-cambio-de-fecha/" rel="nofollow">https://lakurrealidad.wordpress.com/portada-biblioteca/la-kurrealidad/otsirk/puertadegea/fichas/linea-internacional-de-cambio-de-fecha/</a></p>]]></description>
	<dc:creator>aleph</dc:creator>
</item>
</channel>
</rss>